Stellantis Digital Third Party,Internet,Lost,2025,Jeep,Grand Cherokee,07/03/2025 05:31 tt
Gubagoo - Vehicle,Internet,Lost,2025,Chrysler,Pacifica,07/03/2025 13:34 tt
Truecar/Beneplace,Internet,Lost,2025,Jeep,Wagoneer S,07/07/2025 09:11 tt
Truecar/Extended Network,Internet,Lost,2025,Ram,1500,07/10/2025 05:38 tt
Ishowroom,Internet,Lost,2025,Ram,3500,07/14/2025 14:45 tt
Truecar/Extended Network,Internet,Lost,2025,Dodge,Durango,07/18/2025 23:08 tt
Stellantis Digital Third Party,Internet,Lost,2025,Dodge,Durango,07/02/2025 18:51 tt
Stellantis Digital Third Party - Qualified Warm Lead,Internet,Lost,2025,Jeep,Grand Cherokee,07/07/2025 13:08 tt
E-Shop - Dealer Site,Internet,Sold,2025,Chrysler,Pacifica,07/07/2025 18:41 tt
Cargurus,Internet,Lost,2025,Jeep,Wagoneer S,07/08/2025 13:55 tt
Truecar/Extended Network,Internet,Lost,2025,Jeep,Gladiator,07/10/2025 15:59 tt
Truecar/Extended Network,Internet,Lost,2025,Jeep,Wrangler,07/12/2025 09:14 tt
AutoTrader.com,Internet,Lost,2025,Jeep,Grand Cherokee L,07/13/2025 10:30 tt
Truecar/Sams Club,Internet,Lost,2025,Chrysler,Pacifica Hybrid,07/17/2025 19:01 tt
E-Shop - Dealer Site,Internet,Bad,2025,Ram,1500,07/20/2025 21:55 tt
Truecar/Truecar For Drivers On Uber,Internet,Lost,2025,Jeep,Wagoneer S,07/12/2025 08:45 tt
E-Shop - Fullpath/Autoleadstar,Internet,Bad,2025,Jeep,Wrangler,07/13/2025 21:51 tt
Truecar/Beneplace,Internet,Lost,2025,Jeep,Gladiator,07/15/2025 09:16 tt
Truecar/Consumer Reports,Internet,Lost,2025,Ram,1500,07/20/2025 09:09 tt
AutoTrader.com,Internet,Lost,2025,Jeep,Wrangler,07/20/2025 12:08 tt
Gubagoo - Chat,Internet,Bad,2025,Dutchmen,Rubicon,07/22/2025 14:59 tt
Truecar/Truecar,Internet,Lost,2025,Jeep,Grand Cherokee,07/19/2025 12:35 tt
Truecar/Truecar,Internet,Lost,2025,Dodge,Durango,07/20/2025 14:56 tt
E-Shop - Dealer Site,Internet,Sold,2025,Ram,1500,07/20/2025 21:54 tt
Chrysler Capital Bank - Retail Loan Payoff,Internet,Lost,2025,JEEP,Compass,07/27/2025 08:02 tt
E-Shop - Dealer Website - Get E-Price,Internet,Lost,2025,Jeep,Compass,07/28/2025 13:33 tt
Truecar/Extended Network,Internet,Lost,2025,Jeep,Grand Cherokee,07/29/2025 07:03 tt
Chrysler Capital Bank - Lease Payoff,Internet,Bad,2025,JEEP,Grand Cherokee,07/30/2025 08:04 tt
Dealeron - Get Eprice,Internet,Sold,2025,Chrysler,Pacifica,07/28/2025 10:48 tt
Truecar/Truecar For Intuit Credit Karma Members,Internet,Lost,2025,Jeep,Wrangler Unlimited,07/28/2025 13:41 tt
Stellantis Digital Third Party,Internet,Lost,2025,Jeep,Gladiator,07/08/2025 17:08 tt
Truecar/Extended Network,Internet,Lost,2025,Jeep,Gladiator,07/11/2025 08:56 tt
E-Shop - Dealer Website - Get E-Price,Internet,Sold,2025,Jeep,Wrangler,07/13/2025 10:33 tt
Truecar/U.S. News,Internet,Lost,2025,Jeep,Compass,07/24/2025 09:28 tt
AutoTrader.com,Internet,Lost,2025,Chrysler,Pacifica,07/28/2025 11:30 tt
AutoTrader.com,Internet,Bad,2025,Chrysler,Pacifica,07/28/2025 11:36 tt
AutoTrader.com,Internet,Bad,2025,Chrysler,Pacifica,07/28/2025 11:48 tt
